Examen,Pregunta #,Label,Bloque,Puntos,Enunciado,Apartados,Nombre Imagen (ej: A_1_2025.png),Ruta Imagen,Notas
A,1,1,,2.0,"En relación con la figura adjunta, responda a las siguientes cuestiones:","a(0.5pts): Cite y defina los dos procesos que tienen lugar en la expresión de la información
genética | b(0.1pts): ¿Cómo se denomina la enzima marcada como E? | c(0.5pts): Identifique los elementos de la figura señalados con los números del 1 al 5 | d(0.4pts): Indique el nombre de los extremos del elemento 2 (señalados con a y b), y el de los
extremos del elemento 5 (señalados con c y d) | e(0.5pts): La insulina humana se produce a gran escala mediante ingeniería genética en
bacterias. Sin embargo, el ADN humano contiene intrones que no pueden ser
eliminados por las bacterias. ¿Por qué el uso de la transcriptasa inversa, una enzima
que sintetiza ADN utilizando como molde una molécula de ARN, permite que una
bacteria exprese correctamente el gen de la insulina humana y sintetice la proteína
funcional?",A_1_2025.png,,
A,2,2.1,,2.0,En relación con la imagen adjunta:,"a(0.1pts): Indique qué biomolécula está representada | b(0.5pts): ¿Qué tipo de estructuras, de dicha biomolécula, representan los
números del 1 al 5? | c(0.3pts): Indiqué qué tipo de enlace representa el número 6 y entre qué grupos
funcionales se establece | d(0.3pts): Indique tres tipos de enlaces que intervengan en la estabilización de la
estructura representada con el número 4 | e(0.3pts): Si esta biomolécula se somete a una temperatura superior a 100 ºC,
¿qué ocurrirá y qué consecuencia tendrá? | f(0.5pts): Indique cinco localizaciones en una célula eucariota en las que se
puedan encontrar las estructuras implicadas en la síntesis de esta
biomolécula",A_2.1_2025.png,,
A,3,2.2,,2.0,En relación con la figura adjunta:,"a(0.2pts): ¿Qué molécula está representada en la imagen? | b(0.5pts): ¿Qué representan los números 1, 2, 3, 4 y el recuadro 5? | c(0.6pts): Indique tres características que presente dicha molécula | d(0.3pts): Indique el nombre del proceso de síntesis de esta molécula y el nombre de la enzima
principal de dicho proceso | e(0.4pts): Razone cómo afectaría a dicha enzima y a dicho proceso un incremento considerable
de pH",A_2.2_2025.png,,
A,4,3.1,A,2.0,"Los glóbulos rojos mantienen un contenido salino interno del 0,9 %, lo que es crucial para su función. Su membrana plasmática, compuesta en un alto porcentaje por fosfolípidos regula el equilibrio osmótico con el plasma sanguíneo. Considerando estos aspectos, razone: a) ¿Qué ocurriría con estas células si se inyectara a un individuo una solución salina que hiciera que la concentración final de sales en sangre fuese del 2,2 %? [0,5]. b) ¿Y si la concentración final de sales en sangre fuese del 0,01%? [0,5]. c) Indique la composición de los fosfolípidos y explique por qué su estructura los hace idóneos para formar membranas biológicas [1].","a(0.5pts): ¿Qué ocurriría con estas células si se inyectara a un individuo una solución salina que hiciera que la
concentración final de sales en sangre fuese del 2,2 %? | b(0.5pts): ¿Y si la concentración final de sales en sangre fuese del 0,01%?",A_3.1_2025.png,,
A,5,3.2,C,2.0,"En una clase de biología aplicada, en la que se está estudiando la mitosis en células somáticas de un organismo animal, se observa que: A. Los cromosomas comienzan a desplazarse hacia extremos opuestos de la célula. B. Los cromosomas están condensados y se alinean en el centro de la célula. C. Dos núcleos nuevos comienzan a formarse.","a(0.3pts): ¿A qué fases de la mitosis corresponden A, B y C? | b(0.1pts): ¿Qué fase de la mitosis no se ha observado? | c(0.5pts): Indique la importancia biológica que tiene la mitosis para este organismo | d(0.5pts): Sabiendo que la colchicina inhibe la polimerización de la tubulina, ¿qué efectos tendría en la mitosis de estas células? Razone
la respuesta",A_3.2_2025.png,,
A,6,4.1,,2.0,"Ulani se mudó a España desde una isla remota sin saber que era alérgica a las abejas. No pasó mucho tiempo antes de que le picase una abeja, lo que le produjo una reacción inflamatoria local que desconcertó bastante a la isleña. Sus amigos intentaron explicarle en qué consistía la respuesta alérgica utilizando la siguiente imagen.","a(0.2pts): ¿Qué tipo de inmunoglobulinas, señaladas con el número 1, son específicas de la respuesta
alérgica? | b(0.2pts): ¿Cómo se denominan las diferentes sustancias, como la señalada con el número 2, que
desencadenan una respuesta alérgica? | c(0.4pts): Indique el nombre de la célula de la imagen y el nombre de una sustancia liberada por dicha célula
como consecuencia de la respuesta alérgica | d(0.2pts): ¿Qué tipo de células producen las inmunoglobulinas?",A_4.1_2025.png,,
A,7,4.2,,2.0,En relación con la imagen adjunta:,"a(0.3pts): ¿Qué tipos de inmunidad se representan con las
letras A y B? | b(0.2pts): ¿Qué tipos de respuestas inmunitarias se
representan con las letras C y D? | c(0.5pts): Nombre las moléculas o células señaladas con los
números del 1 al 5 | d(0.3pts): Cite dos orgánulos o estructuras celulares que estén
implicados en la producción de la molécula señalada
con el número 3 | e(0.5pts): Explique razonadamente cómo se relacionan los
procesos de transcripción y traducción en la
generación de una respuesta inmunitaria",A_4.2_2025.png,,
A,8,5.1,,2.0,La industria alimentaria aprovecha diversos procesos de fermentación para la producción de alimentos y bebidas como el yogur o el pan.,"a(0.2pts): ¿Qué tipo de fermentación se utiliza en la producción de yogur? | b(0.2pts): ¿Qué tipo de fermentación se utiliza en la producción de pan? | c(0.3pts): Indique tres características diferenciadoras entre los microorganismos que producen el yogur y los que producen el pan | d(0.3pts): La producción de pan y yogur depende del correcto funcionamiento de las enzimas que intervienen en estos procesos.
Razone cómo afectaría a la actividad de estas enzimas un aumento o descenso moderado de la temperatura",A_5.1_2025.png,,
A,9,5.2,,2.0,Con relación a la beta-oxidación de los ácidos grasos:,"a(0.2pts): Indique la localización intracelular de dicho proceso en una célula eucariota | b(0.8pts): En dicho proceso, ¿de qué tipo de molécula orgánica se parte y qué moléculas se obtienen como productos finales? | c(0.6pts): Indique el nombre de una ruta en la que se puedan incorporar cada uno de los productos finales con objeto de obtener
energía | d(0.4pts): Nombre cuatro componentes, diferentes de los relacionados con la beta-oxidación de los ácidos grasos, que se encuentren
en la misma localización intracelular",A_5.2_2025.png,,
B,1,1,,2.0,Conteste a las siguientes cuestiones relacionadas con la figura adjunta:,"a(0.1pts): En un cultivo celular se ha puesto de manifiesto que hay una ruta
catabólica, la número 1, que se desarrolla en el interior de un
orgánulo. ¿De qué ruta se trata? | b(0.2pts): Indique qué tipo de organización tienen las células de dicho cultivo | c(0.4pts): Indique la naturaleza química del GTP y su composición | d(0.4pts): En un proceso biotecnológico tradicional, que tiene lugar en las
células representadas con 2, se lleva a cabo una ruta alternativa a
la 1. Indique el nombre de la ruta y sus productos finales | e(0.5pts): Una ruta del mismo tipo que la anterior ocurre en el órgano
representado con el número 3. Indique el nombre de la ruta y en
qué condiciones se lleva a cabo dicha reacción",B_1_2025.png,,
B,2,2.1,C,2.0,"En una situación experimental, tras permanecer en ayunas, tres personas ingieren: la primera (A) una ración de celulosa; la segunda (B) una ración de glucosa; y la tercera (C) una ración de almidón. a) Ordene los tres casos en función de la rapidez con la que aumentará la glucemia (nivel de glucosa en sangre). Justifique su respuesta [0,6]. b) Cite tres propiedades de los polisacáridos [0,6] y c) explique la composición e importancia biológica de un polisacárido de origen vegetal [0,4]. d) Indique dos características exclusivas de las células vegetales y nombre la función que corresponde a cada característica [0,4].","a(0.6pts): Ordene los tres casos en función de la rapidez con
la que aumentará la glucemia (nivel de glucosa en sangre). Justifique su respuesta | b(0.6pts): Cite tres propiedades de los
polisacáridos | c(0.4pts): explique la composición e importancia biológica de un polisacárido de origen vegetal | d(0.4pts): Indique dos
características exclusivas de las células vegetales y nombre la función que corresponde a cada característica",B_2.1_2025.png,,
B,3,2.2,A,2.0,"En un estudio bioquímico se llevó a cabo la hidrólisis total de una toxina bacteriana de naturaleza proteica (muestra A) y una enzima de ratón que no tiene ningún efecto tóxico (muestra B), y se determinó que la composición de aminoácidos era exactamente igual en ambas. a) Sabiendo que las proteínas de los seres vivos están constituidas por los mismos 20 aminoácidos, responda razonadamente cómo se puede explicar que la proteína de la muestra A sea tóxica y la proteína de la muestra B no lo sea [0,5]. b) Indique qué elementos y/o grupos químicos son comunes en la composición química de los 20 aminoácidos y cuales son diferentes [0,5]. c) Explique cómo puede afectar la temperatura a la actividad de una enzima [0,4]. d) Indique la composición química de los ribosomas y cuatro localizaciones de una célula eucariota donde se pueden encontrar realizando su función [0,6]. PRUEBA DE ACCESO A LA UNIVERSIDAD Y PRUEBA DE ADMISIÓN BIOLOGÍA ANDALUCÍA, CEUTA, MELILLA y CENTROS en MARRUECOS CURSO 2024-2025 Instrucciones: a) Duración: 1 hora y 30 minutos. b) Todas las preguntas deben responderse en el papel entregado para la realización del examen y nunca en los folios que contienen los enunciados. c) Este examen consta de CINCO ejercicios. Debe responder a las preguntas que se indican en cada uno. d) La valoración de cada pregunta y sus apartados se indica entre corchetes. e) De acuerdo con el RD 534/2024, se valorará la corrección ortográfica de cada pregunta con un máximo del 10 por ciento de su calificación.","a(0.5pts): Sabiendo que las proteínas de los seres vivos están constituidas por los mismos 20 aminoácidos,
responda razonadamente cómo se puede explicar que la proteína de la muestra A sea tóxica y la proteína de la muestra B no
lo sea | b(0.5pts): Indique qué elementos y/o grupos químicos son comunes en la composición química de los 20 aminoácidos y
cuales son diferentes | c(0.4pts): Explique cómo puede afectar la temperatura a la actividad de una enzima | d(0.6pts): Indique la
composición química de los ribosomas y cuatro localizaciones de una célula eucariota donde se pueden encontrar realizando su
función",B_2.2_2025.png,,
B,4,3.1,,2.0,En relación con la figura adjunta:,"a(0.2pts): ¿Qué estructura representa la imagen? | b(0.7pts): Identifique los componentes señalados con las letras A, B, C, D, E, F y G | c(0.6pts): Relacione las siguientes funciones con algún componente celular de los identificados: fluidez, reconocimiento celular,
transporte de sustancias | d(0.5pts): Explique la estructura y composición del componente señalado con la letra D, relacionándolo con su función",B_3.1_2025.png,,
B,5,3.2,,2.0,"En relación con la figura adjunta, responda las siguientes cuestiones:","a(0.2pts): Identifique el tipo de organización de las células representadas en
A y B | b(0.4pts): Indique el nombre de las partes señaladas con 1, 2, 3 y 4 | c(0.4pts): Explique una función de los orgánulos señalados con 2 y 3 | d(0.5pts): Explique por qué en la célula A se pueden llevar a cabo procesos
que requieren diferentes condiciones de pH | e(0.5pts): Indique dos diferencias entre la transcripción que realizan las
células A y B",B_3.2_2025.png,,
B,6,4.1,,2.0,Conteste a las siguientes cuestiones:,"a(0.4pts): Razone qué aportan las mutaciones a la evolución de las especies | b(0.4pts): En un mamífero, ¿qué tipo celular tiene que experimentar mutaciones para que éstas se transmitan a la descendencia?
Razone la respuesta | c(0.2pts): Indique una técnica de ingeniería genética utilizada para inducir mutaciones genéticas y que éstas tengan una aplicación
biotecnológica | d(0.6pts): Proporcione dos ejemplos de aplicaciones biotecnológicas de dicha técnica",B_4.1_2025.png,,
B,7,4.2,E,2.0,La ingeniería genética ha revolucionado la biotecnología al emplear enzimas especializadas que permiten manipular el ADN de manera precisa. Comprender las funciones de estas enzimas es esencial para su aplicación tanto en investigación como en los ámbitos clínico e industrial.,"a(0.8pts): Identifique a qué enzimas hacen referencia las siguientes frases relacionadas con técnicas de ingeniería genética | b(0.3pts): Indique qué tipo de biomolécula es una enzima, qué monómeros la componen y nombre el tipo de enlace que los une | c(0.5pts): Nombre los cinco tipos de enlaces que podrían estabilizar la estructura terciaria de una enzima | d(0.4pts): En un laboratorio se está diseñando una enzima artificial para su uso en procesos industriales que requieren altas
temperaturas. Dado que la estabilidad de las proteínas depende de varios tipos de enlaces, ¿cuál de estos enlaces sería más
efectivo aumentar para mejorar la estabilidad térmica de la enzima? Explique su respuesta en función de las características
de estos enlaces",B_4.2_2025.png,,
B,8,5.1,,2.0,"Las barreras externas del sistema inmunitario están presentes en distintas partes del organismo y, cuando fallan, el cuerpo activa respuestas como la inflamación. a) ¿Qué son las barreras externas del sistema inmunitario y cuál es su función principal? [0,5]. b) Clasifique las barreras externas y cite un ejemplo de cada tipo [0,6]. c) Defina qué es la respuesta inflamatoria y explique su función en la protección del organismo [0,5]. d) Indique dos tipos de moléculas de carácter proteico que participen en la respuesta inmunitaria y cómo contribuyen a la defensa del organismo [0,4].","a(0.5pts): ¿Qué son las barreras externas del sistema inmunitario y cuál es su función principal? | b(0.6pts): Clasifique las barreras externas y cite un ejemplo de cada tipo | c(0.5pts): Defina qué es la respuesta inflamatoria y explique su
función en la protección del organismo | d(0.4pts): Indique dos tipos de moléculas de carácter proteico que participen en la respuesta
inmunitaria y cómo contribuyen a la defensa del organismo",B_5.1_2025.png,,
B,9,5.2,F,2.0,"La inmunodeficiencia combinada grave por déficit de adenosina desaminasa (IDCG-ADA, también conocida como síndrome del ""niño burbuja"") es un trastorno hereditario raro por el que se daña el sistema inmunitario de manera que la persona presenta un número reducido de linfocitos B y linfocitos T. En consecuencia, estos pacientes tienen un riesgo alto de contraer infecciones potencialmente mortales causadas por virus, bacterias y hongos, además de mayor riesgo de padecer cáncer. La causa de la IDCG-ADA son mutaciones en el gen de la enzima adenosina desaminasa (ADA).","a(0.4pts): Razone por qué los pacientes con IDG-ADA tienen mayor riesgo de padecer cáncer | b(0.4pts): Indique dónde se originan y dónde maduran los linfocitos B y los linfocitos T | c(0.2pts): Indique qué tipo de respuesta inmunológica específica es liderada por los linfocitos B y cuál por los linfocitos T | d(0.6pts): Enumere cuatro reacciones diferentes que puedan producirse entre los anticuerpos y los antígenos y que permitan la
eliminación de estos últimos | e(0.4pts): Indique una técnica de ingeniería genética que podría emplearse para tratar y/o curar a los pacientes con IDG-ADA. Razone
la respuesta",B_5.2_2025.png,,
C,1,1,,2.0,Observe la figura y conteste a las siguientes cuestiones:,"a(0.6pts): Identifique el tipo celular representado con el número 1 y cite dos
orgánulos o estructuras exclusivos de él | b(0.3pts): Identifique la molécula indicada con el número 2 y clasifique dicha
molécula según el número de átomos de carbono y presencia de
grupo funcional | c(0.3pts): Indique el orgánulo identificado con el número 3 y señale el nombre
de las partes A y B de dicho orgánulo | d(0.2pts): ¿Qué proceso metabólico, realizado en el orgánulo 3, requiere de
la molécula resultante de la oxidación de la molécula 2? | e(0.6pts): En el orgánulo señalado con el número 4 se realiza un proceso
anabólico. Cite el nombre del orgánulo, el proceso del que se trata
e indique la finalidad de dicho proceso",C_1_2025.png,,
C,2,2.1,B,2.0,"La siguiente secuencia de nucleótidos corresponde a la hebra molde de una molécula de ADN de un gen bacteriano: 5`…ATGCCAGGGGAAAATGCGTTG…3`. a) ¿Cómo se denomina el proceso que da lugar a la formación del ARNm? [0,2]. b) Escriba la secuencia de la cadena de ARNm complementaria a este ADN indicando su polaridad [0,3]. c) ¿Qué diferencia hay entre la cadena molde y la cadena codificante? [0,3]. d) Razone cuál es el número máximo de aminoácidos que puede codificar este fragmento [0,3]. e) Represente la fórmula general de un aminoácido [0,4]. Si en la secuencia del ADN se produce una alteración que cambia una base por otra, f) ¿cómo se llamaría este fenómeno? [0,1]. Indique todas las posibles consecuencias que podría tener en el producto de la traducción [0,4].","a(0.2pts): ¿Cómo se denomina el proceso que da lugar a la formación del ARNm? | b(0.3pts): Escriba la secuencia de la cadena de ARNm complementaria a este ADN indicando su polaridad | c(0.3pts): ¿Qué diferencia hay
entre la cadena molde y la cadena codificante? | d(0.3pts): Razone cuál es el número máximo de aminoácidos que puede codificar
este fragmento | e(0.4pts): Represente la fórmula general de un aminoácido | f(0.1pts): ¿cómo se llamaría este fenómeno?",C_2.1_2025.png,,
C,3,2.2,C,2.0,"En un laboratorio se realizó un experimento de PCR (Reacción en Cadena de la Polimerasa). a) Defina qué es la PCR [0,4]. b) Describa las etapas principales de la PCR [0,6] e indique cuatro reactivos esenciales necesarios para llevar a cabo esta técnica en su conjunto [0,2]. c) ¿Qué propiedad especial tiene la ADN polimerasa utilizada en la PCR? [0,1]. ¿Por qué esta propiedad es importante para el proceso? [0,4]. d) Una de las aplicaciones de la PCR es la detección de mutaciones. Indique qué consecuencia tienen las mutaciones en las células de la línea germinal [0,3]. PRUEBA DE ACCESO A LA UNIVERSIDAD Y PRUEBAS DE ADMISIÓN BIOLOGÍA ANDALUCÍA, CEUTA, MELILLA y CENTROS en MARRUECOS CURSO 2024-2025 Instrucciones: a) Duración: 1 hora y 30 minutos. b) Todas las preguntas deben responderse en el papel entregado para la realización del examen y nunca en los folios que contienen los enunciados. c) Este examen consta de CINCO ejercicios. Debe responder a las preguntas que se indican en cada uno. d) La valoración de cada pregunta y sus apartados se indica entre corchetes. e) De acuerdo con el RD 534/2024, se valorará la corrección ortográfica de cada pregunta con un máximo del 10 por ciento de su calificación.","a(0.4pts): . a) Defina qué es la PCR | b(0.6pts): Describa las etapas principales de la PCR | c(0.1pts): ¿Qué propiedad especial tiene la ADN polimerasa utilizada en la PCR? | d(0.3pts): Una de las aplicaciones de la PCR es la detección de mutaciones. Indique qué
consecuencia tienen las mutaciones en las células de la línea germinal",C_2.2_2025.png,,
C,4,3.1,,2.0,"Ainhoa decide seguir una dieta estrictamente vegana, excluyendo de su alimentación cualquier producto de origen animal, y sin consumir además ningún tipo de suplemento nutricional. Tras varios meses, comienza a experimentar fatiga, entumecimiento en las extremidades y dificultad para concentrarse.","a(0.5pts): Teniendo en cuenta la información mostrada en la figura sobre el origen de ciertas vitaminas, explique razonadamente cuál
podría ser la causa del malestar de Ainhoa | b(0.2pts): Defina qué es una vitamina | c(0.8pts): Clasifique las cuatro vitaminas que aparecen en la figura en dos grupos, justificando el criterio utilizado para su clasificación | d(0.5pts): Una analítica revela que Ainhoa padece anemia, es decir, que presenta un número de glóbulos rojos inferior a lo normal,
implicando una menor capacidad de transporte de oxígeno en sangre. Explique de forma razonada cómo afecta esta
disminución de oxígeno a la producción de energía en las células",C_3.1_2025.png,,
C,5,3.2,A,2.0,Las siguientes figuras representan biomoléculas importantes desde el punto de vista bioquímico:,"a(0.6pts): Señale a qué grupo de biomoléculas pertenecen las cuatro
representadas y especifique a qué tipo pertenece cada una de
ellas, estableciendo la diferencia entre A y C | b(0.5pts): En relación con el tipo de biomoléculas al que pertenecen, cite
cinco funciones biológicas de este grupo | c(0.1pts): Este tipo de biomoléculas forma parte de una estructura celular
determinada. Indique su nombre | d(0.6pts): Las células de las extremidades de los animales de climas fríos
poseen en dicha estructura mayor proporción de una de las
moléculas representadas. Deduzca cuál es y razone su
respuesta",C_3.2_2025.png,,
C,6,4.1,A,2.0,"La célula necesita mantener un equilibrio entre la obtención de energía y el metabolismo de biomoléculas esenciales. Este equilibrio está mediado por procesos en los que participan moléculas clave como el NADH y el NADPH, y se dividen en procesos anabólicos y catabólicos. a) Indique tres diferencias entre catabolismo y anabolismo [0,6]. b) Indique en qué tipos de procesos del metabolismo participan el NADH y el NADPH y cite un ejemplo para cada uno de ellos [0,4]. c) Explique por qué el nucleótido ATP se considera una molécula energética, e indique dos procesos o rutas metabólicas en los que se sintetiza ATP y su localización en una célula eucariota [0,6]. d) Cite dos diferencias entre los nucleótidos que forman parte del ADN respecto a los del ARN [0,4].","a(0.6pts): Indique tres diferencias entre catabolismo y anabolismo | b(0.4pts): Indique en qué tipos de procesos
del metabolismo participan el NADH y el NADPH y cite un ejemplo para cada uno de ellos | c(0.6pts): Explique por qué el nucleótido
ATP se considera una molécula energética, e indique dos procesos o rutas metabólicas en los que se sintetiza ATP y su
localización en una célula eucariota | d(0.4pts): Cite dos diferencias entre los nucleótidos que forman parte del ADN respecto a los
del ARN",C_4.1_2025.png,,
C,7,4.2,C,2.0,"Los jardines en botella son ecosistemas artificiales que contienen plantas y microorganismos capaces de sobrevivir en una botella cerrada. Las plantas se autoabastecen utilizando las sales minerales y el agua presentes en el sustrato. a) Razone de qué tres tipos de organismos procedería, a largo plazo, el CO que necesitan las plantas para la síntesis de su materia orgánica 2 [0,6]. b) ¿A qué tipo de organismos de este ecosistema afectaría, a corto y largo plazo, la adición de un compuesto que bloqueara el funcionamiento de las mitocondrias? Razone la respuesta [0,6]. c) Describa la estructura de la mitocondria y mencione dos procesos metabólicos que ocurren en su interior [0,6]. d) Nombre otro orgánulo presente en las células de los organismos del jardín en botella que contenga ribosomas 70S [0,2].","a(0.6pts): Razone de
qué tres tipos de organismos procedería, a largo plazo, el CO que necesitan las plantas para la síntesis de su materia orgánica
2 | b(0.6pts): ¿A qué tipo de organismos de este ecosistema afectaría, a corto y largo plazo, la adición de un compuesto que bloqueara
el funcionamiento de las mitocondrias? Razone la respuesta | c(0.6pts): Describa la estructura de la mitocondria y mencione dos
procesos metabólicos que ocurren en su interior | d(0.2pts): Nombre otro orgánulo presente en las células de los organismos del
jardín en botella que contenga ribosomas 70S",C_4.2_2025.png,,
C,8,5.1,C,2.0,"Samuel ha sido diagnosticado de leucemia, un cáncer de médula ósea. El tratamiento que recibirá consiste en la destrucción de las células cancerígenas mediante quimioterapia. Después, se someterá a un trasplante de médula ósea de un donante compatible. Finalmente, recibirá un tratamiento con inmunosupresores. a) ¿Cuál es la función de la médula ósea? [0,3]. b) ¿Por qué Samuel deberá tomar inmunosupresores el resto de su vida? [0,5]. c) Explique de forma razonada, y para cada etapa del tratamiento (quimioterapia, trasplante e inmunosupresores), por qué Samuel debe usar mascarillas [0,6]. d) Una de las funciones del sistema inmunitario es la producción de anticuerpos. ¿Qué tipo celular los produce? [0,2]. e) ¿En qué compartimento membranoso y estructura de la célula se sintetizan los anticuerpos? [0,4].","a(0.3pts): ¿Cuál es la función de la médula ósea? | b(0.5pts): ¿Por
qué Samuel deberá tomar inmunosupresores el resto de su vida? | c(0.6pts): Explique de forma razonada, y para cada etapa del
tratamiento (quimioterapia, trasplante e inmunosupresores), por qué Samuel debe usar mascarillas | d(0.2pts): Una de las funciones
del sistema inmunitario es la producción de anticuerpos. ¿Qué tipo celular los produce? | e(0.4pts): ¿En qué compartimento
membranoso y estructura de la célula se sintetizan los anticuerpos?",C_5.1_2025.png,,
C,9,5.2,F,2.0,"En la superficie de los macrófagos se localizan unos receptores específicos que detectan una serie de patrones moleculares situados generalmente en la pared celular de una bacteria patógena. Una vez detectados, se inicia la cascada de señalización celular asociada a la respuesta inmunitaria. a) Indique la composición de la pared celular bacteriana [0,3]. b) Clasifique los tres tipos de barreras externas que presenta nuestro sistema inmunitario para evitar la entrada de bacterias patógenas, y cite un ejemplo de cada una de ellas [0,6]. c) Defina antígeno [0,2]. d) Indique tres diferencias entre la respuesta inmunitaria específica que se genera una vez detectado el patógeno por primera vez y tras una segunda exposición al mismo patógeno [0,6]. e) Indique el número de monómeros que conforman la estructura molecular de las inmunoglobulinas IgA, IgE e IgM [0,3].","a(0.3pts): Indique la composición de la pared celular bacteriana | b(0.6pts): Clasifique los tres
tipos de barreras externas que presenta nuestro sistema inmunitario para evitar la entrada de bacterias patógenas, y cite un
ejemplo de cada una de ellas | c(0.2pts): Defina antígeno | d(0.6pts): Indique tres diferencias entre la respuesta inmunitaria específica
que se genera una vez detectado el patógeno por primera vez y tras una segunda exposición al mismo patógeno | e(0.3pts): Indique
el número de monómeros que conforman la estructura molecular de las inmunoglobulinas IgA, IgE e IgM",C_5.2_2025.png,,
D,1,1,,2.0,En relación con la imagen adjunta:,"a(0.4pts): Indique el ámbito de aplicación de la biotecnología a la que hacen
referencia las figuras A, B, C y D | b(0.1pts): Indique un producto alimentario generado por un tipo de
microorganismo diferente al representado en la figura C | c(0.3pts): Defina el concepto de ingeniería genética | d(0.2pts): ¿Qué nombre reciben los procesos que permiten que se exprese el
mensaje genético?",D_1_2025.png,,
D,2,2.1,,2.0,Razone las siguientes cuestiones:,"a(0.5pts): ¿Cómo justificaría que los alimentos puedan conservarse mediante la salazón o el secado? | b(0.6pts): Indique tres ejemplos de procesos biológicos que podrían verse afectados si las moléculas de agua no establecieran puentes
de hidrógeno entre ellas | c(0.1pts): Algunos organismos que viven en el agua, como los crustáceos y los moluscos, tienen caparazones o conchas. Otros, como
los vertebrados, tienen esqueletos. ¿Qué tipo de moléculas que les confieren dureza tienen en común y son las más
abundantes en estas estructuras? | d(0.6pts): Rafael tiene dificultad para ver con claridad por la noche o en ambientes poco iluminados. Descartados aspectos patológicos
y tras comprobar que tiene una alimentación deficiente, explique de forma razonada qué le podría estar causando esta
dificultad visual",D_2.1_2025.png,,
D,3,2.2,,2.0,"La desnaturalización del ADN se utiliza a menudo en técnicas de biología molecular. La temperatura de fusión (Tm) es aquella a la que el 50 % de la doble hélice se ha desnaturalizado. a) Explique de forma razonada si tendrá la misma temperatura de fusión un ADN en el que predomina la base nitrogenada citosina que otro ADN donde predomina la timina [0,6]. b) ¿Cómo se denominan los monómeros del ADN? [0,2] c) Indique la composición química de dichos monómeros y el enlace que los mantiene unidos [0,4]. d) Indique una técnica de ingeniería genética en la que sea necesaria en primer lugar la desnaturalización del ADN y nombre las otras dos fases de la misma [0,3] e) ¿Cuál es la finalidad de dicha técnica? [0,5]. PRUEBA DE ACCESO A LA UNIVERSIDAD Y PRUEBA DE ADMISIÓN BIOLOGÍA ANDALUCÍA, CEUTA, MELILLA y CENTROS en MARRUECOS CURSO 2024-2025 Instrucciones: a) Duración: 1 hora y 30 minutos. b) Todas las preguntas deben responderse en el papel entregado para la realización del examen y nunca en los folios que contienen los enunciados. c) Este examen consta de CINCO ejercicios. Debe responder a las preguntas que se indican en cada uno. d) La valoración de cada pregunta y sus apartados se indica entre corchetes. e) De acuerdo con el RD 534/2024, se valorará la corrección ortográfica de cada pregunta con un máximo del 10 por ciento de su calificación.","a(0.6pts): Explique de forma razonada si tendrá la misma temperatura de
fusión un ADN en el que predomina la base nitrogenada citosina que otro ADN donde predomina la timina | b(0.2pts): ¿Cómo se
denominan los monómeros del ADN? | c(0.4pts): Indique la composición química de dichos monómeros y el enlace que los mantiene
unidos | d(0.3pts): Indique una técnica de ingeniería genética en la que sea necesaria en primer lugar la desnaturalización del ADN
y nombre las otras dos fases de la misma | e(0.5pts): ¿Cuál es la finalidad de dicha técnica?",D_2.2_2025.png,,
D,4,3.1,,2.0,"Eladio Viñuela, destacado virólogo español, realizó contribuciones significativas en el estudio de enfermedades virales que afectan a los cerdos, como la peste porcina africana. Su trabajo ha sido fundamental para el desarrollo de estrategias de inmunización en la ganadería porcina. La imagen adjunta representa las dos estrategias (A y B) que se han empleado en una granja de cerdos para conseguir la inmunización frente al virus de la gripe porcina:","a(0.2pts): ¿Qué tipo de inmunidad se consigue con cada estrategia? | b(0.1pts): ¿Qué contiene la vacuna que se administra en la estrategia A? | c(0.4pts): Cite un proceso natural por el que un organismo pueda desarrollar una
respuesta semejante a la que se consigue con la estrategia A y otro
que genere una respuesta semejante a la que se consigue cuando se
emplea la estrategia B e identifique el tipo de inmunidad conseguida
para cada caso | d(0.4pts): Señale dos tipos de células inmunitarias que se activarían con la estrategia A e indique su función | e(0.3pts): Teniendo en cuenta la naturaleza de la molécula administrada en la estrategia B, indique dos orgánulos membranosos que
debería tener desarrollados la célula inmunitaria responsable de su producción, y el mecanismo por el que esta célula la
liberaría al exterior para que ejerciera su función",D_3.1_2025.png,,
D,5,3.2,,2.0,En relación con la imagen adjunta:,"a(0.8pts): Identifique qué tipos celulares y procesos se representan en las
imágenes B y C y en qué tipo de inmunidad participan A y C | b(0.5pts): La molécula D participa en un tratamiento que genera respuesta
inmunitaria artificial pasiva. Indique el nombre del tratamiento y el de
la molécula D, así como su estructura | c(0.5pts): En un posible caso de tétanos, los médicos aplicaron el tratamiento
anterior, pues el paciente nunca había sido vacunado frente a esta
enfermedad. ¿Por qué los médicos optaron por aplicar dicho
tratamiento en lugar de vacunar frente al tétanos? | d(0.2pts): El órgano representado en A sufre una herida que necesita reparar.
Razone qué mecanismo de división celular se llevará a cabo para
dicha reparación",D_3.2_2025.png,,
D,6,4.1,C,2.0,"En un laboratorio se ha diseñado un experimento para estudiar la división celular de una célula animal, en el cual se han utilizado tres moléculas que inhiben determinados procesos celulares: Molécula 1: inhibe la formación de microtúbulos. Molécula 2: inhibe la cadena de transporte de electrones de la mitocondria. Molécula 3: inhibe la formación de filamentos de actina.","a(0.9pts): Explique de forma razonada cómo afecta cada una de estas moléculas a la división celular | b(0.4pts): La cafeína impide la fusión de vesículas. Razone cómo podría afectar a la división de las células vegetales | c(0.7pts): Para comprender en detalle cómo estos fármacos afectan a los procesos celulares, es esencial entender el papel de las
enzimas y cómo su actividad puede ser modulada por inhibidores. Defina inhibidor enzimático y explique la inhibición
enzimática competitiva y no competitiva",D_4.1_2025.png,,
D,7,4.2,A,2.0,"En un laboratorio se analiza la composición en proteínas de dos muestras diferentes de membranas celulares. En la muestra A se detectan altos niveles de proteínas constituyentes de poros y en la muestra B se encuentran proteínas de la cadena de transporte de electrones. a) Explique de forma razonada si estas dos muestras podrían proceder de una misma célula [0,4]. b) Con la información que se ha proporcionado, ¿podría deducirse si la muestra B procede de una célula animal o vegetal? [0,4]. Razone la respuesta. Otro de los componentes de las muestras A y B es muy abundante y tiene naturaleza anfipática. c) Defina el concepto de molécula anfipática [0.2]. d) Indique el nombre de este compuesto de naturaleza anfipática y cuáles son sus componentes estructurales [0,5]. e) ¿Cómo se denomina la estructura celular que forman las moléculas anfipáticas? Explique qué efecto tendría sobre ella un cambio de temperatura [0,5].","a(0.4pts): Explique de forma razonada si estas dos muestras podrían proceder de una misma célula | b(0.4pts): Con la información que se ha proporcionado, ¿podría deducirse si la muestra B procede de una célula animal o vegetal? | c(0.2pts): Defina
el concepto de molécula anfipática | d(0.5pts): Indique el nombre de este compuesto de naturaleza anfipática y cuáles son sus
componentes estructurales | e(0.5pts): ¿Cómo se denomina la estructura celular que forman las moléculas anfipáticas? Explique
qué efecto tendría sobre ella un cambio de temperatura",D_4.2_2025.png,,
D,8,5.1,,2.0,La beta-oxidación de ácidos grasos se intensifica en situaciones de ayuno prolongado y en personas diabéticas en ausencia de insulina.,"a(0.5pts): Explique por qué ocurre esto | b(0.5pts): Indique si la beta-oxidación es un proceso anabólico o catabólico y por qué | c(0.5pts): Indique cuáles son los productos finales de la oxidación total de los ácidos grasos,
y dónde tiene lugar en las células eucariotas | d(0.5pts): La imagen representa la fórmula química de un ácido graso. Identifique las partes
señaladas como 1 y 2, e indique el nombre de su grupo funcional",D_5.1_2025.png,,
D,9,5.2,,2.0,"Se realiza un experimento con plantas de Elodea (planta acuática) exponiéndolas a diferentes condiciones de luz y temperatura, tal y como se muestra en la figura. Tras cuatro horas, se mide la cantidad de oxígeno y glucosa en cada uno de los frascos. Teniendo en cuenta los resultados obtenidos, conteste a las siguientes preguntas:","a(0.1pts): ¿Qué proceso metabólico tiene lugar para que se produzca
O y glucosa? | b(0.6pts): Explique de forma razonada los resultados obtenidos
comparando exclusivamente las condiciones experimentales
A y B | c(0.6pts): Explique de forma razonada los resultados obtenidos
comparando exclusivamente las condiciones experimentales
A y C | d(0.6pts): Explique qué técnica biotecnológica podría emplearse para
introducir en Elodea un gen que le permita producir altos
niveles de glucosa en condiciones de bajas temperaturas",D_5.2_2025.png,,
